Die häufigsten Seiten,Klicks,Impressionen,CTR,Position
https://www.allgaeu-wings.de/,484,8102,5.97%,14.88
https://www.allgaeu-wings.de/rundfluege/,116,4629,2.51%,17.86
https://www.allgaeu-wings.de/rundflug-shop/zugspitze-rundflug/,70,1629,4.3%,15.11
https://www.allgaeu-wings.de/wer-wir-sind/,37,663,5.58%,4.05
https://www.allgaeu-wings.de/a320-flugsimulator/,24,343,7%,6.64
https://www.allgaeu-wings.de/cessna-p210n-2/,22,584,3.77%,9.9
https://www.allgaeu-wings.de/rundflug-shop/dolomiti-gardasee-rundflug/,16,601,2.66%,14.5
https://www.allgaeu-wings.de/flugangstseminar/,14,432,3.24%,15.74
https://www.allgaeu-wings.de/rundfluege/wunschrundfluege/oesterreich_rundflug/,10,403,2.48%,27.16
https://www.allgaeu-wings.de/rundflug-shop/,10,357,2.8%,12.96
https://www.allgaeu-wings.de/rundflug-shop/matterhorn-rundflug/,7,407,1.72%,16.6
https://www.allgaeu-wings.de/kontakt/,6,361,1.66%,2.57
https://www.allgaeu-wings.de/rundflug-shop/mont-blanc-rundflug/,6,265,2.26%,23.21
https://www.allgaeu-wings.de/news-und-aktionen/,5,507,0.99%,9.62
https://www.allgaeu-wings.de/rundfluege/wunschrundfluege/rundflug_schweiz/,4,112,3.57%,9.62
https://www.allgaeu-wings.de/rundflug-shop/bodensee-rundflug/,3,178,1.69%,39.39
https://www.allgaeu-wings.de/allgaeu-wings/,3,171,1.75%,11.74
https://www.allgaeu-wings.de/imprint/,3,50,6%,6.06
https://www.allgaeu-wings.de/rundfluege/wunschrundfluege/,1,171,0.58%,26.34
https://www.allgaeu-wings.de/impressum/,1,73,1.37%,7.84
https://www.allgaeu-wings.de/267-2/,1,34,2.94%,7.47
https://www.allgaeu-wings.de/rundfluege/rundflug-buchen/,1,7,14.29%,4.43
https://www.allgaeu-wings.de/video/,0,97,0%,6.81
https://www.allgaeu-wings.de/rundfluege/rundflugbox/,0,28,0%,11.71
https://www.allgaeu-wings.de/datenschutz/,0,22,0%,8.55
https://www.allgaeu-wings.de/agb/,0,13,0%,6.92
https://www.allgaeu-wings.de/cookie-richtlinie-eu/,0,11,0%,12.91
https://www.allgaeu-wings.de/cessna-p210n/,0,10,0%,11.1
https://www.allgaeu-wings.de/downloads/agb.pdf,0,10,0%,13
https://www.allgaeu-wings.de/conternt/all_Flyer_V04_041215_print.pdf,0,5,0%,7
http://www.allgaeu-wings.de/,0,1,0%,1
https://allgaeu-wings.de/,0,1,0%,2