Häufigste Suchanfragen,Klicks,Impressionen,CTR,Position
allgäu wings,132,200,66%,1.41
rundflug allgäu,23,453,5.08%,10.5
alpenrundflug allgäu,18,165,10.91%,1.79
hubschrauber rundflug allgäu,13,327,3.98%,7.29
rundflug zugspitze,13,205,6.34%,6.41
hubschrauberflug allgäu,12,98,12.24%,2.59
hubschrauberflug alpen,11,117,9.4%,7.78
rundflüge allgäu,11,64,17.19%,1.47
allgäu rundflug,8,44,18.18%,1.2
rundflug alpen,6,306,1.96%,11.44
flugangstseminar,4,263,1.52%,10.51
rundflug in der nähe,4,130,3.08%,6.55
rundflüge in der nähe,4,49,8.16%,4.37
helikopterflug allgäu,4,32,12.5%,1.81
helikopterflug alpen,3,334,0.9%,16.72
hubschrauber rundflug oberstdorf,3,62,4.84%,3.79
rundflug gardasee wasserflugzeug,3,59,5.08%,8.29
rundflug über die alpen,3,38,7.89%,7.61
alpenrundflug,2,471,0.42%,21.84
hubschrauber rundflug alpen,2,206,0.97%,13.88
alpen rundflug,2,179,1.12%,19.49
thomas daubner,2,64,3.12%,3.81
cessna p210n,2,48,4.17%,8.08
rundflug bodensee 2 personen,2,17,11.76%,25.41
rundflug,1,645,0.16%,32.39
helikopterflug über die alpen,1,332,0.3%,10.8
rundflug bodensee,1,279,0.36%,15.52
rundflug gardasee,1,238,0.42%,9.14
alpenrundflüge,1,153,0.65%,12.75
hubschrauber rundflug zugspitze,1,135,0.74%,13.01
hubschrauber rundflug über die alpen,1,68,1.47%,13.88
heiko böhmer,1,46,2.17%,7.91
hubschrauber rundflug in der nähe,1,43,2.33%,5.19
rundflüge bodensee,1,37,2.7%,9.86
hubschrauber memmingen,1,36,2.78%,3.19
hubschrauber rundflug,1,34,2.94%,5.59
gardasee rundflug,1,24,4.17%,11.58
helikopter rundflug,1,21,4.76%,5.81
hubschrauberrundflüge in der nähe,1,16,6.25%,7.12
rundflug österreich,1,14,7.14%,9.93
allgäu flug,1,13,7.69%,5.54
helikopter memmingen,1,8,12.5%,3.88
helikopterflug,1,6,16.67%,6.5
helikopterflug in der nähe,1,6,16.67%,7.83
helikopter fliegen,1,4,25%,3.75
hubschrauber rundflug bayern,1,4,25%,35.75
flug simulator,1,3,33.33%,1
heli fliegen,1,3,33.33%,1
airplane rides near me,1,3,33.33%,5
helikopter rundflüge,1,2,50%,1.5
hubschrauber flug buchen in der nähe,1,2,50%,2.5
hubschrauber rundflüge in der nähe,1,2,50%,3.5
fliegen in der nähe,1,2,50%,5.5
helikoptervlucht,1,1,100%,1
internetseite,1,1,100%,2
ja weitere infos,1,1,100%,3
opcao 2,1,1,100%,9
helikopter rundflug alpen,0,275,0%,26.37
wings,0,202,0%,7.19
helikopter rundflug alpen österreich,0,200,0%,27.81
rundflüge,0,125,0%,14.02
rundflüge gardasee,0,108,0%,10.45
rundflüge bergisches land,0,102,0%,51.78
rundflüge bietigheim,0,91,0%,32.21
alpenrundflug münchen,0,83,0%,40.73
alpenrundflug bayern,0,79,0%,38.05
hubschrauber rundflug bodensee,0,73,0%,34.64
rundglug,0,72,0%,34.47
rundflug schloss neuschwanstein,0,70,0%,24.43
cessna 210,0,64,0%,10.02
rundflug bayern,0,63,0%,51.73
flugsimulatoren druckkabine,0,61,0%,67.79
rundflug chiemsee,0,46,0%,47.52
alpenrundflüge bayern,0,44,0%,37.34
panorama helikopterflug,0,33,0%,62.21
hubschrauber in der nähe,0,32,0%,7.28
alpenflug,0,30,0%,52.4
flugangstseminare,0,28,0%,15.64
rundflug sondershausen,0,28,0%,41.86
rundflug augsburg,0,27,0%,57.56
hubschrauberrundflug alpen,0,26,0%,10.81
rundflug schneeberg,0,24,0%,27.67
österreich rundflug,0,23,0%,10.83
bodensee rundflug,0,22,0%,12.64
wing,0,21,0%,3.33
flugangst seminar köln,0,21,0%,52.1
rundflug tegernsee,0,19,0%,49.58
rundflug bergisches land,0,19,0%,55.42
heli rundflug,0,18,0%,50.67
flug über die alpen,0,17,0%,10.59
flug,0,17,0%,10.71
flugschule memmingen,0,16,0%,6.25
rundflug bodensee friedrichshafen,0,16,0%,7.06
flugangst seminar düsseldorf,0,16,0%,42.44
matterhorn aus dem flugzeug,0,15,0%,9.53
hubschrauberflug friedrichshafen,0,14,0%,12.64
billigflüge grän,0,13,0%,9.69
rundflug bremen,0,13,0%,50.08
flugzeug rundflug in der nähe,0,12,0%,8.25
flugsimulator,0,12,0%,8.67
rundflug in augsburg,0,12,0%,64.75
helikopter rundflug alpen – welche anbieter gibt es?,0,11,0%,13.91
hubschrauber rundflug bremen,0,11,0%,53.55
flugsimulator haar,0,10,0%,9.4
hubschraubertouren in baden-württemberg,0,10,0%,16.8
flugzeug rundflug,0,9,0%,1.11
hubschrauber allgäu,0,9,0%,1.56
bodensee rundflüge,0,9,0%,15
rundflug altenstadt,0,9,0%,22.56
rundflug nürburgring,0,9,0%,38.44
flugangst seminar stuttgart,0,9,0%,41.22
hubschrauber rundflug augsburg,0,9,0%,47.33
rundflüge bayern,0,9,0%,54.11
memmingen hubschrauber,0,8,0%,2.75
p210n,0,8,0%,5.62
rundflüge schweiz,0,8,0%,10.88
rundflüge vorarlberg,0,8,0%,12.62
zugspitze allgäu,0,8,0%,12.88
hubschrauber rundflug stuttgart,0,8,0%,45.62
hubschrauber rundflug ganderkesee,0,8,0%,47.75
rundflug ganderkesee hubschauber,0,8,0%,49.62
helikopterrundflüge,0,8,0%,72.25
rundflug alpen österreich,0,7,0%,2.86
hubschrauberflug,0,7,0%,3.86
rundflug hubschrauber,0,7,0%,6.14
hubschrauber fliegen in der nähe,0,7,0%,6.86
allgäu schweiz,0,7,0%,8.14
hubschrauberflug bodensee,0,7,0%,29.43
centralwings,0,7,0%,32.43
rundflüge schleissheim,0,7,0%,68.29
rundflug schweiz,0,6,0%,12.83
hubschrauber rundflug mönchengladbach,0,6,0%,40.67
hubschauber fliegen ganderkesee,0,6,0%,44.83
hubschrauber rundflüge ganderkesee,0,6,0%,53.5
"helikopter rundflug alpen – welche anbieter gibt es?. my location is 
germany.",0,5,0%,4
hubschrauberrundflug,0,5,0%,6.2
bodenseerundflug,0,5,0%,8.2
rundflüge österreich,0,5,0%,9.2
helikopter in der nähe,0,5,0%,10.8
rundflug friedrichshafen,0,5,0%,11.4
cessna p210,0,5,0%,17.8
hubschrauber rundflüge,0,5,0%,23.2
hubschrauber rundflug thüringen,0,5,0%,47
businesswings,0,5,0%,48.6
hubschrauber rundflüge bremen,0,5,0%,52.8
rundflüge bremen,0,5,0%,52.8
allwings,0,4,0%,2.5
hubschrauberflug in der nähe,0,4,0%,3.5
flug in der nähe,0,4,0%,7.75
flüge,0,4,0%,7.75
hubschrauber rundflug friedrichshafen,0,4,0%,10.5
cessna 210 reichweite,0,4,0%,12.5
matterhorn rundflug,0,4,0%,12.75
rundflug matterhorn,0,4,0%,12.75
bodensee rundflug flugzeug,0,4,0%,13.75
alpenrundflug tirol,0,4,0%,14.25
flüge nach schweizer alpen,0,4,0%,18.5
flug memmingen elba,0,4,0%,25
helikopter rundflug bodensee,0,4,0%,32.25
hubschrauberflug ganderkesee,0,4,0%,36.5
heli flüge,0,4,0%,36.75
flugsimulator durmersheim,0,4,0%,38.75
hubschrauber service reutlingen,0,4,0%,43
rundflug bremen hubschauber,0,4,0%,49
hubschrauber rundflug mannheim,0,4,0%,52.75
rundflug zell am see,0,4,0%,53.5
heli breisgau,0,4,0%,56.75
rundflüge um nürnberg,0,4,0%,60
flugangst seminar frankfurt,0,4,0%,61.25
cessna 210 preis,0,3,0%,2.33
flugsimulator in meiner nähe,0,3,0%,3.67
fliegen,0,3,0%,4.33
helikopter fliegen in der nähe,0,3,0%,4.67
eings,0,3,0%,6
flüge in der nähe,0,3,0%,7
aviation,0,3,0%,7.67
hubschrauber fliegen,0,3,0%,7.67
rundflug flugzeug,0,3,0%,8
matterhorn allgäu,0,3,0%,9
matterhorn vom flugzeug,0,3,0%,11
cessna 210 nachfolger,0,3,0%,14.67
alpen flug,0,3,0%,16.67
alpenrundflüge schweiz,0,3,0%,27.33
helikopterflug bodensee,0,3,0%,33.67
rundflug bielefeld,0,3,0%,41
ganderkesee helikopter rundflug,0,3,0%,41.33
hubschrauber rundflug saarland,0,3,0%,41.33
wing walking germany,0,3,0%,42.33
rundflüge prien,0,3,0%,45
rundflug sonnen,0,3,0%,46.33
wing walking deutschland,0,3,0%,47.33
flugangst seminar münchen,0,3,0%,47.67
hubschrauberrundflug bremen,0,3,0%,48.67
hubschrauber rundflug herzogenaurach,0,3,0%,52
wingwalking deutschland,0,3,0%,58
rundflug schwarzenfeld,0,3,0%,62.33
rundflug nabburg,0,3,0%,75.33
ja,0,2,0%,1
rundflug mit hubschrauber,0,2,0%,2
wasserflugzeug rundflug,0,2,0%,2
helikopter rundflug in der nähe,0,2,0%,3
cessna 210 kaufen,0,2,0%,4
helikopterflug über die alpen. my location is germany.,0,2,0%,4.5
wings email,0,2,0%,5
flugzeug in der nähe,0,2,0%,5.5
hubschrauber flug,0,2,0%,6.5
wings.,0,2,0%,7
cesna 210,0,2,0%,7.5
helikopter flug,0,2,0%,7.5
imprints of wings,0,2,0%,7.5
cessna 210p,0,2,0%,10
cessna 210 technische daten,0,2,0%,10.5
mont blanc aus dem flugzeug,0,2,0%,11
cessna 210 motortyp,0,2,0%,11.5
hubschrauber simulator,0,2,0%,12.5
hubschrauber oberstdorf,0,2,0%,13.5
fluge,0,2,0%,14.5
hubschrauber rundflug großglockner,0,2,0%,14.5
alpenrundflug schweiz,0,2,0%,20
hubschrauber-rundflug bodensee,0,2,0%,24
modellflug urlaub allgäu,0,2,0%,25.5
flug über den bodensee,0,2,0%,31.5
rundflug über bodensee,0,2,0%,32
rundflüge oberbayern,0,2,0%,34.5
rundflug bodensee preise,0,2,0%,35.5
rundflug hirschau,0,2,0%,36
rundflug allgäu durach,0,2,0%,38.5
flugsimulator in der nähe,0,2,0%,40
hubschrauber rundflug bielefeld,0,2,0%,41.5
hubschrauberflüge,0,2,0%,44.5
rundflug dessau,0,2,0%,46.5
rundflug durach,0,2,0%,47
cessna t210n,0,2,0%,51.5
wingwalking deutschland buchen,0,2,0%,55
hubschrauber rundflug freiburg,0,2,0%,56
hubschrauber rundflüge oldenburg,0,2,0%,57
rundflug freiburg,0,2,0%,58
tandemflug zugspitze,0,2,0%,60.5
allgäu airport,0,2,0%,61
rundflug in bad wörishofen,0,2,0%,71.5
helikopter arbeitsflüge,0,2,0%,83
chicken wings,0,1,0%,1
flugschein machen in der nähe,0,1,0%,1
gardasee rundfahrt,0,1,0%,1
helicoptervlucht,0,1,0%,1
helikopterflüge in der nähe,0,1,0%,1
heute,0,1,0%,1
hubschrauber garmisch,0,1,0%,1
hubschrauber rundflug buchen,0,1,0%,1
kontakt,0,1,0%,1
sonnenaufgang garmisch,0,1,0%,1
ultraleicht flugschule,0,1,0%,1
vorbereiten,0,1,0%,1
wie schnell fliegt ein kleines propellerflugzeug,0,1,0%,1
wings near me,0,1,0%,1
winhs,0,1,0%,1
wo,0,1,0%,1
ára?,0,1,0%,1
bmw days garmisch 2026,0,1,0%,2
flugzeug simulator,0,1,0%,2
gardasee,0,1,0%,2
gardasee dolomiten,0,1,0%,2
p210,0,1,0%,2
rundflug mit doppeldecker,0,1,0%,2
rundflug tirol,0,1,0%,2
wings flug,0,1,0%,2
zugspitze rundreise ticket,0,1,0%,2
كيف اعرف الاسعار,0,1,0%,2
auwings,0,1,0%,3
cessna 210n centurion,0,1,0%,3
gebirge am gardasee,0,1,0%,3
weh manfred rundflug,0,1,0%,3
wings store,0,1,0%,3
austrian wings,0,1,0%,4
hubschrauberrundflug in der nähe,0,1,0%,4
ja sehr gerne,0,1,0%,4
rundflug buchen in der nähe,0,1,0%,4
the wings,0,1,0%,4
cessna 210 specs,0,1,0%,5
fligen,0,1,0%,5
steigrate,0,1,0%,5
wings a,0,1,0%,5
wingss,0,1,0%,5
möglichkeiten in der nähe,0,1,0%,6
pilot shop,0,1,0%,6
privat flug,0,1,0%,6
aviatio,0,1,0%,7
cessna 210 cruise speed,0,1,0%,7
flug buchen,0,1,0%,7
hubschrauberflüge in der nähe,0,1,0%,7
segelflug mitfliegen in der nähe,0,1,0%,7
wo kann ich buchen,0,1,0%,7
helikopter rundflug alpen österreich. my location is germany.,0,1,0%,8
rundflug buchen,0,1,0%,8
wi.g,0,1,0%,8
alm wings,0,1,0%,9
cessna 210 mtow,0,1,0%,9
luftfahrtunternehmen bodensee,0,1,0%,9
weings,0,1,0%,9
wilgs,0,1,0%,9
wings mail,0,1,0%,9
allgäu crew,0,1,0%,10
cessna210,0,1,0%,10
mont blanc vom flugzeug,0,1,0%,10
simulator,0,1,0%,10
wings sim,0,1,0%,10
flugsimulator münchen haar,0,1,0%,11
helicopter wing,0,1,0%,11
matterhorn des allgäus,0,1,0%,11
rundflug helikopter,0,1,0%,12
wie helfen flugangstseminare?,0,1,0%,12
вингс,0,1,0%,12
allgäuerfly,0,1,0%,13
aviation wings,0,1,0%,13
flugschule,0,1,0%,13
flugzentrum,0,1,0%,13
rundflüge buchen,0,1,0%,14
weitere motive,0,1,0%,14
zugspitze im allgäu,0,1,0%,14
flüge nach wallgau,0,1,0%,15
allgäu österreich,0,1,0%,16
a320 flugsimulator,0,1,0%,17
panorama flüge,0,1,0%,17
allgäuflug,0,1,0%,18
alpenrundflug jesenwang,0,1,0%,20
fliegender bauer rundflug,0,1,0%,21
hubschrauber rundflug reichelsheim,0,1,0%,24
wings simulator,0,1,0%,24
hermannwings,0,1,0%,26
wings 2 germany,0,1,0%,26
angst seminar,0,1,0%,28
rundflug schwäbische alb,0,1,0%,28
bodensee helicopter,0,1,0%,31
flugplatz allgäu,0,1,0%,31
hubschrauberflug saarland,0,1,0%,32
a320 simulator,0,1,0%,33
cessna 210 n,0,1,0%,34
rundflug wesel,0,1,0%,35
seminar flugangst düsseldorf,0,1,0%,35
alpen air rundflüge,0,1,0%,36
hubschrauber service kirchheim unter teck,0,1,0%,36
cessna 210 p,0,1,0%,37
flugsimulator backnang,0,1,0%,37
zugspitze drohne,0,1,0%,37
zugspitze drohne fliegen,0,1,0%,37
hubschrauber rundflug cuxhaven,0,1,0%,38
seminar flugangst,0,1,0%,39
rundflug mönchengladbach,0,1,0%,41
hubschrauber rundflug wilhelmshaven,0,1,0%,42
alpenrundflug innsbruck,0,1,0%,43
hubschrauberflug augsburg,0,1,0%,43
hubschrauber rundflug schwarze heide,0,1,0%,45
helikopter rundflug stuttgart,0,1,0%,46
rundflüge mönchengladbach,0,1,0%,46
cockpitflug backnang,0,1,0%,47
notfallgäu,0,1,0%,48
rundflug 2 personen,0,1,0%,48
rundflug fichtelgebirge,0,1,0%,48
full flight sim - a320 flugsimulator,0,1,0%,49
flugplatz unterwössen rundflüge,0,1,0%,50
deutscher alpenflug,0,1,0%,51
flugangst seminar bremen,0,1,0%,51
rundflug schwarzwald,0,1,0%,52
rundflüge vilshofen,0,1,0%,52
durach flugplatz rundflug,0,1,0%,53
hubschrauber rundflug nürnberg,0,1,0%,53
heli-breisgau,0,1,0%,54
flugwerk,0,1,0%,55
ju 52 rundflug bodensee,0,1,0%,55
rundflüge thüringen,0,1,0%,56
alpenrundflug berner oberland,0,1,0%,57
flugplatz vilshofen rundflug preise,0,1,0%,58
rundflug donaueschingen,0,1,0%,58
kann man zum gardasee fliegen,0,1,0%,59
rundflug vorarlberg,0,1,0%,61
rundflug über freiburg,0,1,0%,61
videoproduktion allgäu,0,1,0%,63
rundflug vilshofen,0,1,0%,66
dolomiten rundflug,0,1,0%,69
flugangst seminar,0,1,0%,75
flugsimulator airbus a320,0,1,0%,78
rundflug dolomiten,0,1,0%,80