Datum,Nicht indexiert,Indexiert,Impressionen
2026-05-22,71,32,206
2026-05-23,71,32,167
2026-05-24,71,32,233
2026-05-25,71,32,286
2026-05-26,71,32,169
2026-05-27,71,32,150
2026-05-28,71,32,182
2026-05-29,71,32,254
2026-05-30,71,32,124
2026-05-31,71,32,170
2026-06-01,71,32,196
2026-06-02,71,32,117
2026-06-03,71,32,148
2026-06-04,71,32,166
2026-06-05,71,32,169
2026-06-06,71,32,145
2026-06-07,71,32,213
2026-06-08,71,32,215
2026-06-09,71,32,197
2026-06-10,71,32,140
2026-06-11,71,32,179
2026-06-12,71,32,172
2026-06-13,72,32,146
2026-06-14,72,32,166
2026-06-15,72,32,183
2026-06-16,72,32,240
2026-06-17,72,32,175
2026-06-18,72,32,130
2026-06-19,72,32,180
2026-06-20,72,32,135
2026-06-21,72,32,179
2026-06-22,72,32,181
2026-06-23,72,32,134
2026-06-24,72,32,159
2026-06-25,72,32,163
2026-06-26,72,32,169
2026-06-27,72,32,187
2026-06-28,72,32,229
2026-06-29,72,32,182
2026-06-30,72,32,200
2026-07-01,74,30,186
2026-07-02,74,30,124
2026-07-03,74,30,191
2026-07-04,74,30,196
2026-07-05,74,30,208
2026-07-06,74,30,161
2026-07-07,74,30,166
2026-07-08,74,30,179
2026-07-09,74,30,132
2026-07-10,74,30,159
2026-07-11,74,30,125
2026-07-12,74,30,193
2026-07-13,74,30,183
2026-07-14,74,30,153
2026-07-15,74,30,177
2026-07-16,74,30,115
2026-07-17,74,30,174
2026-07-18,74,30,123
2026-07-19,74,30,174
2026-07-20,74,30,136
2026-07-21,74,30,123
2026-07-22,74,30,183
2026-07-23,74,30,150
2026-07-24,74,30,172
2026-07-25,73,30,161
2026-07-26,73,30,164
2026-07-27,73,30,186
2026-07-28,73,30,176
2026-07-29,73,30,199
2026-07-30,73,30,164
2026-07-31,73,30,335
2026-08-01,73,30,161
2026-08-02,73,30,202
2026-08-03,73,30,190
2026-08-04,73,30,146
2026-08-05,73,30,157
2026-08-06,73,30,101
2026-08-07,73,30,196
2026-08-08,73,30,187
2026-08-09,73,30,205
2026-08-10,73,30,184
2026-08-11,72,30,146
2026-08-12,72,30,182
2026-08-13,72,30,176
2026-08-14,72,30,140
2026-08-15,72,30,160
2026-08-16,72,30,175
2026-08-17,72,30,138